{
  "best_model": "RandomForest",
  "RandomForest": {
    "RMSE": 1058.1987839707074,
    "MAE": 711.2674157638644,
    "MAPE": 10.638131088066842,
    "RMSPE": 14.778196667709631,
    "R2": 0.879151352592491
  },
  "GradientBoosting": {
    "RMSE": 1294.0347849346654,
    "MAE": 929.2997489274239,
    "MAPE": 14.903252046422248,
    "RMSPE": 21.555911484762465,
    "R2": 0.8192829289445283
  },
  "best": {
    "RMSE": 1058.1987839707074,
    "MAE": 711.2674157638644,
    "MAPE": 10.638131088066842,
    "RMSPE": 14.778196667709631,
    "R2": 0.879151352592491
  }
}